Workbook,Worksheet,Address,BugKind,Notes
00c886ae-971a-47e0-b8b2-8192478ba44c.xlsx,Districts,D628,cwfe,
00c886ae-971a-47e0-b8b2-8192478ba44c.xlsx,Districts,E628,cwfe,
00c886ae-971a-47e0-b8b2-8192478ba44c.xlsx,Districts,F628,cwfe,
00c886ae-971a-47e0-b8b2-8192478ba44c.xlsx,Districts,G628,cwfe,
00c886ae-971a-47e0-b8b2-8192478ba44c.xlsx,Districts,I628,cwfe,
00c886ae-971a-47e0-b8b2-8192478ba44c.xlsx,Districts,J628,cwfe,
00c886ae-971a-47e0-b8b2-8192478ba44c.xlsx,Districts,K628,cwfe,
00c886ae-971a-47e0-b8b2-8192478ba44c.xlsx,Districts,L628,cwfe,
